{
  "training_upper_step": 26624.0,
  "return_mean": -273.6130833333331,
  "return_std": 0.056304078942425916,
  "buf_mean": 15226.406333333332,
  "buf_std": 33.54640131055728,
  "buf_max_mean": 30124.433333333334,
  "buf_max_std": 21.26191169412832,
  "buf_min_mean": 222.26666666666668,
  "buf_min_std": 3.8055515004033538,
  "serving_mean": 0.04,
  "serving_std": 0.0,
  "serving_sum_mean": 4.0,
  "serving_sum_std": 0.0,
  "dead_mean": 1.0,
  "dead_std": 0.0,
  "dead_count_mean": 2.0,
  "dead_count_std": 0.0,
  "death_events_mean": 2.0,
  "death_events_std": 0.0,
  "low_reward_mean_mean": -15237.75402100881,
  "low_reward_mean_std": 33.482648405140075,
  "low_team_max_sum_mean_mean": 7.058,
  "low_team_max_sum_mean_std": 0.06375473838599506,
  "low_max_after_mean_mean": 15226.406333333332,
  "low_max_after_mean_std": 33.54640131055613,
  "oob_sum_mean": 30.0,
  "oob_sum_std": 0.0,
  "path_length_sum_mean": 1183.403564453125,
  "path_length_sum_std": 0.0
}