{
  "training_upper_step": 20480.0,
  "return_mean": -273.63237499999974,
  "return_std": 0.15814966320617144,
  "buf_mean": 15202.134,
  "buf_std": 56.284529212446714,
  "buf_max_mean": 30087.3,
  "buf_max_std": 109.50181124833735,
  "buf_min_mean": 219.5,
  "buf_min_std": 5.162040940041707,
  "serving_mean": 0.04,
  "serving_std": 0.0,
  "serving_sum_mean": 4.0,
  "serving_sum_std": 0.0,
  "dead_mean": 1.0,
  "dead_std": 0.0,
  "dead_count_mean": 2.0,
  "dead_count_std": 0.0,
  "death_events_mean": 2.0,
  "death_events_std": 0.0,
  "low_reward_mean_mean": -15219.994759732566,
  "low_reward_mean_std": 56.36195064245206,
  "low_team_max_sum_mean_mean": 6.432666666666667,
  "low_team_max_sum_mean_std": 0.11217347676206214,
  "low_max_after_mean_mean": 15202.134,
  "low_max_after_mean_std": 56.28452921244601,
  "oob_sum_mean": 37.0,
  "oob_sum_std": 0.0,
  "path_length_sum_mean": 877.9407958984375,
  "path_length_sum_std": 0.0
}