{
  "training_upper_step": 16384.0,
  "return_mean": -270.8972083333331,
  "return_std": 0.10393233642884481,
  "buf_mean": 15169.995666666664,
  "buf_std": 19.52220522607283,
  "buf_max_mean": 30072.466666666664,
  "buf_max_std": 104.56071070063695,
  "buf_min_mean": 223.4333333333333,
  "buf_min_std": 4.68069320602076,
  "serving_mean": 0.10000000000000002,
  "serving_std": 1.3877787807814457e-17,
  "serving_sum_mean": 10.0,
  "serving_sum_std": 0.0,
  "dead_mean": 1.0,
  "dead_std": 0.0,
  "dead_count_mean": 2.0,
  "dead_count_std": 0.0,
  "death_events_mean": 2.0,
  "death_events_std": 0.0,
  "low_reward_mean_mean": -15150.343768877667,
  "low_reward_mean_std": 19.68029769987123,
  "low_team_max_sum_mean_mean": 22.366,
  "low_team_max_sum_mean_std": 0.19581113349347642,
  "low_max_after_mean_mean": 15169.995666666668,
  "low_max_after_mean_std": 19.522205226072572,
  "oob_sum_mean": 5.0,
  "oob_sum_std": 0.0,
  "path_length_sum_mean": 3141.81298828125,
  "path_length_sum_std": 0.0
}