{
  "training_upper_step": 12288.0,
  "return_mean": -294.12354166666665,
  "return_std": 0.23381310051454882,
  "buf_mean": 9993.340666666665,
  "buf_std": 49.829164153357084,
  "buf_max_mean": 23648.466666666664,
  "buf_max_std": 77.71796589092008,
  "buf_min_mean": 224.0666666666667,
  "buf_min_std": 3.7366057086910103,
  "serving_mean": 0.51,
  "serving_std": 0.0,
  "serving_sum_mean": 51.0,
  "serving_sum_std": 0.0,
  "dead_mean": 1.0,
  "dead_std": 0.0,
  "dead_count_mean": 4.0,
  "dead_count_std": 0.0,
  "death_events_mean": 4.0,
  "death_events_std": 0.0,
  "low_reward_mean_mean": -10004.630081101417,
  "low_reward_mean_std": 49.63645442615808,
  "low_team_max_sum_mean_mean": 164.71466666666666,
  "low_team_max_sum_mean_std": 0.23199760535162126,
  "low_max_after_mean_mean": 9993.340666666667,
  "low_max_after_mean_std": 49.829164153357034,
  "oob_sum_mean": 247.0,
  "oob_sum_std": 0.0,
  "path_length_sum_mean": 16712.931640625,
  "path_length_sum_std": 0.0
}