{
  "training_upper_step": 36864.0,
  "return_mean": -273.2550833333331,
  "return_std": 0.1882190195106605,
  "buf_mean": 14997.090666666665,
  "buf_std": 68.35327005263879,
  "buf_max_mean": 29882.266666666666,
  "buf_max_std": 157.33974563204077,
  "buf_min_mean": 222.4333333333333,
  "buf_min_std": 3.84389848403357,
  "serving_mean": 0.04,
  "serving_std": 0.0,
  "serving_sum_mean": 4.0,
  "serving_sum_std": 0.0,
  "dead_mean": 1.0,
  "dead_std": 0.0,
  "dead_count_mean": 2.0,
  "dead_count_std": 0.0,
  "death_events_mean": 2.0,
  "death_events_std": 0.0,
  "low_reward_mean_mean": -14991.195657277427,
  "low_reward_mean_std": 68.31184746603084,
  "low_team_max_sum_mean_mean": 10.980333333333332,
  "low_team_max_sum_mean_std": 0.04149163235588062,
  "low_max_after_mean_mean": 14997.090666666665,
  "low_max_after_mean_std": 68.35327005263838,
  "oob_sum_mean": 8.0,
  "oob_sum_std": 0.0,
  "path_length_sum_mean": 2354.99853515625,
  "path_length_sum_std": 0.0
}