{
  "training_upper_step": 30720.0,
  "return_mean": -273.4012916666664,
  "return_std": 0.1629643685492988,
  "buf_mean": 15176.237333333333,
  "buf_std": 51.856109407560744,
  "buf_max_mean": 30044.933333333334,
  "buf_max_std": 56.995282455850486,
  "buf_min_mean": 221.20000000000002,
  "buf_min_std": 4.973932046178362,
  "serving_mean": 0.04,
  "serving_std": 0.0,
  "serving_sum_mean": 4.0,
  "serving_sum_std": 0.0,
  "dead_mean": 1.0,
  "dead_std": 0.0,
  "dead_count_mean": 2.0,
  "dead_count_std": 0.0,
  "death_events_mean": 2.0,
  "death_events_std": 0.0,
  "low_reward_mean_mean": -15181.329296371381,
  "low_reward_mean_std": 51.89074628058006,
  "low_team_max_sum_mean_mean": 10.991666666666667,
  "low_team_max_sum_mean_std": 0.03641733408999359,
  "low_max_after_mean_mean": 15176.237333333333,
  "low_max_after_mean_std": 51.85610940756078,
  "oob_sum_mean": 26.0,
  "oob_sum_std": 0.0,
  "path_length_sum_mean": 1258.926025390625,
  "path_length_sum_std": 0.0
}